{
    "loss": 28.993309020996094,
    "accuracy": 0.9075877070426941
}